{"conservative_high": {"threshold": 0.7, "accuracy": 0.5720172684458399, "precision": 0.891736066623959, "recall": 0.408930669800235, "f1": 0.5607250755287009, "false_approval_rate": 0.09988179669030733, "false_denial_rate": 0.5910693301997649, "tp": 